[
{
    "model": "scheduling_app.location",
    "pk": 20,
    "fields": {
        "building": "-",
        "room": "-",
        "building_description": "-"
    }
},
{
    "model": "scheduling_app.instructor",
    "pk": 1350,
    "fields": {
        "name": "Cory Shaman",
        "email": "cts7q@virginia.edu"
    }
},
{
    "model": "scheduling_app.meeting",
    "pk": 10335,
    "fields": {
        "start_date": "2023-07-17",
        "end_date": "2023-08-11",
        "start_time": "15:30:00",
        "end_time": "17:15:00",
        "days": "MoTuWeThFr",
        "location": [
            20
        ]
    }
},
{
    "model": "scheduling_app.enrollmentinformation",
    "pk": 9755,
    "fields": {
        "waitlist_number": 0,
        "waitlist_capacity": 10,
        "class_capacity": 18,
        "enrollment_number": 0,
        "enrollment_capacity": 18
    }
},
{
    "model": "scheduling_app.registrationinformation",
    "pk": 9755,
    "fields": {
        "class_number": 12130,
        "instruction_mode": "OS",
        "instruction_mode_description": "Online Synchronous",
        "units": "3",
        "term": "1236",
        "component": "SEM"
    }
},
{
    "model": "scheduling_app.courseidentifier",
    "pk": 9755,
    "fields": {
        "subject": "ENGL",
        "catalog_number": 2520,
        "course_description": "Special Topics in Writing"
    }
},
{
    "model": "scheduling_app.instructor",
    "pk": 1336,
    "fields": {
        "name": "Charity Fowler",
        "email": "caf8z@virginia.edu"
    }
},
{
    "model": "scheduling_app.meeting",
    "pk": 10329,
    "fields": {
        "start_date": "2023-07-17",
        "end_date": "2023-08-11",
        "start_time": "10:30:00",
        "end_time": "12:45:00",
        "days": "MoTuWeThFr",
        "location": [
            20
        ]
    }
},
{
    "model": "scheduling_app.enrollmentinformation",
    "pk": 9749,
    "fields": {
        "waitlist_number": 0,
        "waitlist_capacity": 10,
        "class_capacity": 18,
        "enrollment_number": 0,
        "enrollment_capacity": 18
    }
},
{
    "model": "scheduling_app.registrationinformation",
    "pk": 9749,
    "fields": {
        "class_number": 12120,
        "instruction_mode": "P",
        "instruction_mode_description": "In Person",
        "units": "1 - 4",
        "term": "1236",
        "component": "LEC"
    }
},
{
    "model": "scheduling_app.courseidentifier",
    "pk": 9749,
    "fields": {
        "subject": "ENGL",
        "catalog_number": 3559,
        "course_description": "New Course in English Literature"
    }
},
{
    "model": "scheduling_app.instructor",
    "pk": 1292,
    "fields": {
        "name": "Andrew Stauffer",
        "email": "ams4k@virginia.edu"
    }
},
{
    "model": "scheduling_app.meeting",
    "pk": 10328,
    "fields": {
        "start_date": "2023-05-22",
        "end_date": "2023-06-16",
        "start_time": "10:30:00",
        "end_time": "12:45:00",
        "days": "MoTuWeThFr",
        "location": [
            20
        ]
    }
},
{
    "model": "scheduling_app.enrollmentinformation",
    "pk": 9748,
    "fields": {
        "waitlist_number": 0,
        "waitlist_capacity": 10,
        "class_capacity": 20,
        "enrollment_number": 0,
        "enrollment_capacity": 20
    }
},
{
    "model": "scheduling_app.registrationinformation",
    "pk": 9748,
    "fields": {
        "class_number": 12117,
        "instruction_mode": "OS",
        "instruction_mode_description": "Online Synchronous",
        "units": "3",
        "term": "1236",
        "component": "LEC"
    }
},
{
    "model": "scheduling_app.courseidentifier",
    "pk": 9748,
    "fields": {
        "subject": "ENGL",
        "catalog_number": 3540,
        "course_description": "Studies in Nineteenth-Century Literature"
    }
},
{
    "model": "scheduling_app.meeting",
    "pk": 9908,
    "fields": {
        "start_date": "2023-06-20",
        "end_date": "2023-08-11",
        "start_time": "00:00:00",
        "end_time": "00:00:00",
        "days": "-",
        "location": [
            20
        ]
    }
},
{
    "model": "scheduling_app.enrollmentinformation",
    "pk": 9326,
    "fields": {
        "waitlist_number": 0,
        "waitlist_capacity": 0,
        "class_capacity": 30,
        "enrollment_number": 0,
        "enrollment_capacity": 30
    }
},
{
    "model": "scheduling_app.registrationinformation",
    "pk": 9326,
    "fields": {
        "class_number": 11159,
        "instruction_mode": "P",
        "instruction_mode_description": "In Person",
        "units": "1 - 12",
        "term": "1236",
        "component": "IND"
    }
},
{
    "model": "scheduling_app.courseidentifier",
    "pk": 9326,
    "fields": {
        "subject": "CS",
        "catalog_number": 7993,
        "course_description": "Independent Study"
    }
},
{
    "model": "scheduling_app.instructor",
    "pk": 733,
    "fields": {
        "name": "Kevin Skadron",
        "email": "ks7h@virginia.edu"
    }
},
{
    "model": "scheduling_app.meeting",
    "pk": 9907,
    "fields": {
        "start_date": "2023-06-20",
        "end_date": "2023-08-11",
        "start_time": "00:00:00",
        "end_time": "00:00:00",
        "days": "-",
        "location": [
            20
        ]
    }
},
{
    "model": "scheduling_app.enrollmentinformation",
    "pk": 9325,
    "fields": {
        "waitlist_number": 0,
        "waitlist_capacity": 0,
        "class_capacity": 30,
        "enrollment_number": 0,
        "enrollment_capacity": 30
    }
},
{
    "model": "scheduling_app.registrationinformation",
    "pk": 9325,
    "fields": {
        "class_number": 11157,
        "instruction_mode": "P",
        "instruction_mode_description": "In Person",
        "units": "1 - 12",
        "term": "1236",
        "component": "IND"
    }
},
{
    "model": "scheduling_app.courseidentifier",
    "pk": 9325,
    "fields": {
        "subject": "CS",
        "catalog_number": 7993,
        "course_description": "Independent Study"
    }
},
{
    "model": "scheduling_app.instructor",
    "pk": 711,
    "fields": {
        "name": "Hongning Wang",
        "email": "hw5x@virginia.edu"
    }
},
{
    "model": "scheduling_app.meeting",
    "pk": 9905,
    "fields": {
        "start_date": "2023-06-20",
        "end_date": "2023-08-11",
        "start_time": "00:00:00",
        "end_time": "00:00:00",
        "days": "-",
        "location": [
            20
        ]
    }
},
{
    "model": "scheduling_app.enrollmentinformation",
    "pk": 9323,
    "fields": {
        "waitlist_number": 0,
        "waitlist_capacity": 0,
        "class_capacity": 30,
        "enrollment_number": 0,
        "enrollment_capacity": 30
    }
},
{
    "model": "scheduling_app.registrationinformation",
    "pk": 9323,
    "fields": {
        "class_number": 11222,
        "instruction_mode": "P",
        "instruction_mode_description": "In Person",
        "units": "1",
        "term": "1236",
        "component": "IND"
    }
},
{
    "model": "scheduling_app.courseidentifier",
    "pk": 9323,
    "fields": {
        "subject": "CS",
        "catalog_number": 6890,
        "course_description": "Industrial Applications"
    }
},
{
    "model": "scheduling_app.instructor",
    "pk": 745,
    "fields": {
        "name": "Farzad Hassanzadeh",
        "email": "ffh8x@virginia.edu"
    }
},
{
    "model": "scheduling_app.meeting",
    "pk": 9904,
    "fields": {
        "start_date": "2023-06-20",
        "end_date": "2023-08-11",
        "start_time": "00:00:00",
        "end_time": "00:00:00",
        "days": "-",
        "location": [
            20
        ]
    }
},
{
    "model": "scheduling_app.enrollmentinformation",
    "pk": 9322,
    "fields": {
        "waitlist_number": 0,
        "waitlist_capacity": 0,
        "class_capacity": 30,
        "enrollment_number": 0,
        "enrollment_capacity": 30
    }
},
{
    "model": "scheduling_app.registrationinformation",
    "pk": 9322,
    "fields": {
        "class_number": 11213,
        "instruction_mode": "P",
        "instruction_mode_description": "In Person",
        "units": "1",
        "term": "1236",
        "component": "IND"
    }
},
{
    "model": "scheduling_app.courseidentifier",
    "pk": 9322,
    "fields": {
        "subject": "CS",
        "catalog_number": 6890,
        "course_description": "Industrial Applications"
    }
},
{
    "model": "scheduling_app.meeting",
    "pk": 9449,
    "fields": {
        "start_date": "2023-05-22",
        "end_date": "2023-06-16",
        "start_time": "13:00:00",
        "end_time": "15:15:00",
        "days": "MoTuWeThFr",
        "location": [
            20
        ]
    }
},
{
    "model": "scheduling_app.enrollmentinformation",
    "pk": 8871,
    "fields": {
        "waitlist_number": 0,
        "waitlist_capacity": 10,
        "class_capacity": 40,
        "enrollment_number": 0,
        "enrollment_capacity": 40
    }
},
{
    "model": "scheduling_app.registrationinformation",
    "pk": 8871,
    "fields": {
        "class_number": 10921,
        "instruction_mode": "P",
        "instruction_mode_description": "In Person",
        "units": "3",
        "term": "1236",
        "component": "LEC"
    }
},
{
    "model": "scheduling_app.courseidentifier",
    "pk": 8871,
    "fields": {
        "subject": "APMA",
        "catalog_number": 3340,
        "course_description": "Complex Variables with Applications"
    }
},
{
    "model": "scheduling_app.instructor",
    "pk": 116,
    "fields": {
        "name": "Asif Mahmood",
        "email": "afz6km@virginia.edu"
    }
},
{
    "model": "scheduling_app.meeting",
    "pk": 9444,
    "fields": {
        "start_date": "2023-07-17",
        "end_date": "2023-08-11",
        "start_time": "10:00:00",
        "end_time": "12:30:00",
        "days": "MoTuWeThFr",
        "location": [
            20
        ]
    }
},
{
    "model": "scheduling_app.enrollmentinformation",
    "pk": 8866,
    "fields": {
        "waitlist_number": 0,
        "waitlist_capacity": 10,
        "class_capacity": 35,
        "enrollment_number": 0,
        "enrollment_capacity": 35
    }
},
{
    "model": "scheduling_app.registrationinformation",
    "pk": 8866,
    "fields": {
        "class_number": 12093,
        "instruction_mode": "OS",
        "instruction_mode_description": "Online Synchronous",
        "units": "4",
        "term": "1236",
        "component": "LEC"
    }
},
{
    "model": "scheduling_app.courseidentifier",
    "pk": 8866,
    "fields": {
        "subject": "APMA",
        "catalog_number": 2120,
        "course_description": "Multivariable Calculus"
    }
},
{
    "model": "scheduling_app.instructor",
    "pk": 113,
    "fields": {
        "name": "Farzad Shafiei Dizaji",
        "email": "ffs5da@virginia.edu"
    }
},
{
    "model": "scheduling_app.meeting",
    "pk": 9442,
    "fields": {
        "start_date": "2023-07-17",
        "end_date": "2023-08-11",
        "start_time": "09:45:00",
        "end_time": "12:45:00",
        "days": "MoTuWeThFr",
        "location": [
            20
        ]
    }
},
{
    "model": "scheduling_app.enrollmentinformation",
    "pk": 8864,
    "fields": {
        "waitlist_number": 0,
        "waitlist_capacity": 10,
        "class_capacity": 40,
        "enrollment_number": 0,
        "enrollment_capacity": 40
    }
},
{
    "model": "scheduling_app.registrationinformation",
    "pk": 8864,
    "fields": {
        "class_number": 11582,
        "instruction_mode": "OS",
        "instruction_mode_description": "Online Synchronous",
        "units": "4",
        "term": "1236",
        "component": "LEC"
    }
},
{
    "model": "scheduling_app.courseidentifier",
    "pk": 8864,
    "fields": {
        "subject": "APMA",
        "catalog_number": 1090,
        "course_description": "Single Variable Calculus I"
    }
},
{
    "model": "scheduling_app.instructor",
    "pk": 130,
    "fields": {
        "name": "Diana Morris",
        "email": "dmd8a@virginia.edu"
    }
},
{
    "model": "scheduling_app.meeting",
    "pk": 9441,
    "fields": {
        "start_date": "2023-07-17",
        "end_date": "2023-08-11",
        "start_time": "10:00:00",
        "end_time": "12:30:00",
        "days": "MoTuWeThFr",
        "location": [
            20
        ]
    }
},
{
    "model": "scheduling_app.enrollmentinformation",
    "pk": 8863,
    "fields": {
        "waitlist_number": 0,
        "waitlist_capacity": 10,
        "class_capacity": 30,
        "enrollment_number": 0,
        "enrollment_capacity": 30
    }
},
{
    "model": "scheduling_app.registrationinformation",
    "pk": 8863,
    "fields": {
        "class_number": 11608,
        "instruction_mode": "P",
        "instruction_mode_description": "In Person",
        "units": "1 - 3",
        "term": "1236",
        "component": "LEC"
    }
},
{
    "model": "scheduling_app.courseidentifier",
    "pk": 8863,
    "fields": {
        "subject": "APMA",
        "catalog_number": 1000,
        "course_description": "Preparation for Engineering Mathematics"
    }
},
{
    "model": "scheduling_app.course",
    "pk": 9755,
    "fields": {
        "course_identifier": 9755,
        "registration_information": 9755,
        "enrollment_information": 9755,
        "meeting": [
            10335
        ],
        "instructors": [
            1350
        ]
    }
},
{
    "model": "scheduling_app.course",
    "pk": 9749,
    "fields": {
        "course_identifier": 9749,
        "registration_information": 9749,
        "enrollment_information": 9749,
        "meeting": [
            10329
        ],
        "instructors": [
            1336
        ]
    }
},
{
    "model": "scheduling_app.course",
    "pk": 9748,
    "fields": {
        "course_identifier": 9748,
        "registration_information": 9748,
        "enrollment_information": 9748,
        "meeting": [
            10328
        ],
        "instructors": [
            1292
        ]
    }
},
{
    "model": "scheduling_app.course",
    "pk": 9326,
    "fields": {
        "course_identifier": 9326,
        "registration_information": 9326,
        "enrollment_information": 9326,
        "meeting": [
            9908
        ],
        "instructors": [
            711
        ]
    }
},
{
    "model": "scheduling_app.course",
    "pk": 9325,
    "fields": {
        "course_identifier": 9325,
        "registration_information": 9325,
        "enrollment_information": 9325,
        "meeting": [
            9907
        ],
        "instructors": [
            733
        ]
    }
},
{
    "model": "scheduling_app.course",
    "pk": 9323,
    "fields": {
        "course_identifier": 9323,
        "registration_information": 9323,
        "enrollment_information": 9323,
        "meeting": [
            9905
        ],
        "instructors": [
            711
        ]
    }
},
{
    "model": "scheduling_app.course",
    "pk": 9322,
    "fields": {
        "course_identifier": 9322,
        "registration_information": 9322,
        "enrollment_information": 9322,
        "meeting": [
            9904
        ],
        "instructors": [
            745
        ]
    }
},
{
    "model": "scheduling_app.course",
    "pk": 8871,
    "fields": {
        "course_identifier": 8871,
        "registration_information": 8871,
        "enrollment_information": 8871,
        "meeting": [
            9449
        ],
        "instructors": [
            130
        ]
    }
},
{
    "model": "scheduling_app.course",
    "pk": 8866,
    "fields": {
        "course_identifier": 8866,
        "registration_information": 8866,
        "enrollment_information": 8866,
        "meeting": [
            9444
        ],
        "instructors": [
            116
        ]
    }
},
{
    "model": "scheduling_app.course",
    "pk": 8864,
    "fields": {
        "course_identifier": 8864,
        "registration_information": 8864,
        "enrollment_information": 8864,
        "meeting": [
            9442
        ],
        "instructors": [
            113
        ]
    }
},
{
    "model": "scheduling_app.course",
    "pk": 8863,
    "fields": {
        "course_identifier": 8863,
        "registration_information": 8863,
        "enrollment_information": 8863,
        "meeting": [
            9441
        ],
        "instructors": [
            130
        ]
    }
}
]
